Fill Date,Qty,Designation,ACOM,DODAAC,Doc # POC,Notes
5/31/2018,849,JRTC,FORSCOM,W8115U,,Push
5/31/2018,265,NTC,FORSCOM,W80QJK,,Push
6/6/2018,337,2/10 IBCT,FORSCOM,W8115U,,Push
6/11/2018,166,33 IBCT,NGB,W81JTY,,Push
6/13/2018,15,Korea,PACOM,W81U1K,,Push
6/13/2018,88,Korea,PACOM,W81U1K,,Push
6/13/2018,49,Korea,PACOM,WT4KDV,,Push
6/13/2018,25,Korea,PACOM,WT4KDV,,Push
6/14/2018,500,Korea,PACOM,W81U1K,,Push
6/15/2018,500,Korea,PACOM,W81U1K,,Push
6/20/2018,500,"Kuwait, 6781",SWA,W58GQR,,Push
6/21/2018,798,"82nd Airborn (1st, 2nd & 3rd)",FORSCOM,Multiple,,
6/21/2018,234,"82nd Airborn (1st, 2nd & 3rd)",FORSCOM,Multiple,,
6/22/2018,107,JLBM 75th INF 2d Ranger BN-SF,SOCOM,W81UTH,,
6/25/2018,88,160th SOAR,SOCOM,W80N5C,,
6/25/2018,123,75th Ranger,SOCOM,W33NYP; W33BQ9,,
6/26/2018,291,10th GRP,SOCOM,W91M23,,
6/26/2018,324,1st SFC 1st GRP,SOCOM,W91M1Z,,
6/26/2018,82,1st SFC 5th GRP,SOCOM,W91LCR,,
6/26/2018,177,75th Ranger,SOCOM,W33NYP; W33BQ9,,
6/26/2018,300,1st SFC 7th GRP,SOCOM,W91KBQ,,
6/26/2018,95,1st SFC 1st GRP,SOCOM,WT6P5V,,
6/27/2018,60,1st SFC 3rd GRP,SOCOM,WK4GA8,,
6/29/2018,328,,FORSCOM,W81YT4; W45NSU; W33BQ9,,
7/9/2018,75,3/1 CD ,FORSCOM,W81E1D,,
7/9/2018,5,3/1 CD,FORSCOM,W81E1D,,
7/9/2018,36,2-211th,NGB,W41RAK,,
6/27/2018 (23); 6/28/2018 (21); 7/5/2018 (16),60,"688th, 689th, 690th; Rapid Port Opening Elements (RPOE)",IMCOM,W26RK4,,
7/12/2018,196,1/1 ID,FORSCOM,W81WRD,,
7/12/2018,6,1/43 ADA,FORSCOM,W81THR,,
7/12/2018,16,1/44 ADA,FORSCOM,W91E2E,,
7/13/2018,331,48th GAARNG,NGB,W81K57,,
7/13/2018,63,1st SFC - Pre-Mission Training ,SOCOM,W45NSU,,
7/14/2018,128,48th GAARNG,NGB,W81K57,,
7/14/2018,40,3/4 ID,FORSCOM,W51WKX,,
7/16/2018,668,1/101st,FORSCOM,W34XYK,Jose Alicea,
7/18/2018,275,3/4 ID,FORSCOM,W51WKX,Jose Alicea,Mixture of D and E's. This completes their requirement.
7/18/2018,17,1/44 ADA,FORSCOM,W91E2E,Jose Alicea,Mixture of D and E's. This completes their requirement.
7/20/2018,135,1/101st,FORSCOM,W34XYK,Jose Alicea,This closes out the 101st's requirement of 803.
7/23/2018,452,278th ABCT,NGB,W81JND,,
7/24/2018,457,"173rd IN, 30 MED BDE, 2 CR, 1/1 ABCT, 16 SB",USAREUR,"WK4F8Q, W9005D, W811XN, W81XT7, W81X9C, W80YWG, W45J67",CW5 Harvey Gould,
7/24/2018,273,PRNG,NGB,W81K59,"Jeffrey Jenkins, LTC Shawn Starowesky",
7/25/2018,63,USVI,NGB,WF3APY,,
7/26/2018,252,"1-25 SBCT, 2-25 IBCT, 311th SIG, 4-25 BCT, 8th MP, 9th AAMDC, 18th MEDCOM",USARPAC,"WC1JU4, W91KGP, W81B9W, W80Y3J, WX3JPR,",CW5 Brent Ray,
7/26/2018,497,PRNG,NGB,W81K59,,A requirement of 46ea remains.
7/27/2018,16,USVI,NGB,WF3APY,,
7/27/2018,89,1/1 CD,FORSCOM,W45J67,,
7/27/2018,34,8th MP,USARPAC,W81B9W,CW5 Brent Ray,
7/30/2018,231,2-25 IBCT,USARPAC,WX3V9P,CW5 Brent Ray,
7/30/2018,17,,SOCOM,W81YT4,CW5 Terry Roberts,
7/30/2018,1,1/1 CD,FORSCOM,W45J67,Jose Alicea,
7/30/2018,8,"688th, 689th, 690th; Rapid Port Opening Elements (RPOE)",IMCOM,W26RK4,,
7/30/2018,26,278th ABCT,NGB,W81JND,,
8/1/2018,19,1/43 ADA,FORSCOM,W903FM,Jose Alicea,This release completes the requirement of 25ea. 
8/3/2018,94,"USARPAC; 94th AAMDC, 2-25 IBCT",PACOM,"W80Y3J, WX3V9P",,
8/3/2018,342,CAARNG,NGB,W81LG6,CW4 Whitford Dwyer,
8/6/2018,881,"393 Harbormaster, 226 CSC, 594th TC, 3/1 AD, 526 CSC, 24th QM, 4-3 ADA, 3-43 ADA, NTC, JRTC (36 ENG), 1-2 SBCT, 1/1 ID, 1-43 ADA, 2/10 ID, 1/1 AD",FORSCOM,"W26RK4, W33RBS, W34GMT, W4546F, W55XGJ, W68PPA, W8000Q, W80FTD, W80TWT, W8115U, W81TW6, W81WRD, W903FM, W90ADT, WK4GAH",Jose Alicea,
8/6/2018,46,76th ORC,USARC,W90F5M,Jose Alicea,
8/6/2018,144,,SOCOM,"W91LCR, W81YT4, W80N5C, W33NYP, W33BQ9   ",Roy Mitchell ,
8/7/2018,44,"2-25 IBCT, 94th AAMDC, 8th MP",PACOM,"W80Y3J, WX3V9P, W81B9W",,
8/7/2018,48,CAARNG,NGB,W81LG6,,
8/7/2018,208,,SOCOM,W81YT4,,
8/8/2018,14,CAARNG,NGB,W81LG6,,
8/9/2018,163,88th RD; 99th RD; 76th ORC,USARC,W57KFP; W90NHW; W90F5M ,Jose Alicea,
8/10/2018,315,USS Pomeroy,ASC,W90CTK,,
8/10/2018,95,3-25 IBCT; 1-25 SBCT; 8th TSC,PACOM,WX3V9S; WC1JU4; W81B9W,CW5 Ray,
8/13/2018,378,,NGB,W25KYQ; W61LQA,CW5 Bambas,
8/13/2018,900,7 TB (x); 2/3 ID; 226QM (526 ENG Co); 3 ID CAB; 227th QM; 1/101st; 2/101st; 3/4 ID; 526 QM; 24th QM; 249th CSC; NTC; 62nd CSC; JRTC; 1/2 SBCT; 1/1 ID,FORSCOM,W26RK4; W33K09; W33RBS; W33TLB; W34GMT; W34XYK; W34XYL; W51WKX; W55XGJ; W68PPA; W8002S; W80QJK; W80XYJ; W8115U; W81TW6; W81WRD,Jose Alicea,
8/14/2018,116,3/1 AD; 504th CSC; 247th QM; Bragg LRC (XVII SEP) ,FORSCOM,W4546F; W8001Z; W80BTZ; W81YT4,Jose Alicea,
8/15/2018,296,,SOCOM,W80N5C; W81YT4; W91KBP; W91LCR; W91M1Z; W91M23,CW5 Roberts,
8/15/2018,159,,USAREUR,W45NSU; W81AT1; W81X9C; W9005D; WK4F81; WK4F8Q; WK4GA8; WK4GBW; WK4GDV,CW5 Gould,
8/16/2018,23,,SOCOM,W91M1Z,CW5 Roberts,Replacement Doc Numbers.
8/20/2018,225,125TH QM CO; 28th MP; 1033RD EN; 128TH MP; 996TH MED; 177th MP BDE; 172ND IN; 441st ORD,NGB,W13N92; W25KYQ; W26L8F; W31LPY; W61LQA; W80X71; W81KBL,CW5 Bambas,
8/21/2018,143,1/153D IN; 2/114th FA; 168th AV; 150th EN; 890th EN,NGB,W81K14; W35KT6,CW5 Bambas,
8/22/2018,155,,USAREUR,W45NSU; W45J67; W81AT1; W9005D; WK4F81; WK4F8T; WK4F8Q; WK4GA8; WK4GBW; WK4GDV; WK4GF3,CW5 Gould,
8/22/2018,797,JBLE; 2/3 ID; 226 QM; 227 QM; 16th CAB; 3/101st; 1/82; 3/82; 1 AD CAB; 3-13/75th FA (Sill LRC); 3/4 ID; 526 QM; 249th QM; 3-43 ADA; NTC; 11th ACR; 62 QM; JRTC; 3/1 CD; 1/3 ID; 1/4 ID; Bragg LRC; 1/10 ID; 2/2 SBCT; 1 ID CAB; 1/1 AD,FORSCOM,W26RK4; W33K09; W33RBS; W34GMT; W34QWU; W34XYM; W36LKG; W36LKJ; W42UUE; W44DQ1; W51WKX; W55XGJ; W8002S; W80FTD; W80QJK; W80TWT; W80XYJ; W8115U; W81E1D; W81U3R; W81XF9; W81YT4; W90ADP; W90DY4; WK4BNX; WK4GAH,James Blalock,
8/22/2018,39,99th RD; 81st RD,USARC,W809JG; W90NHW,James Blalock,
8/22/2018,279,,SOCOM,W33BQ9; W33NYP; W811XN: W80N5C; W81UTH; W81YT4; W91KBP; W91M1Z; WT6P5V,CW5 Roberts,
8/24/2018,116,4-25 BCT; 1-25 IBCT,PACOM,W91KGB; WC1JU4,CW5 Ray,
8/27/2018,142,JBLE; 2/82; 3/4 ID; 4-3 ADA; Bragg LRC; 1/1 AD,FORSCOM,W26RK4; W36LKH; W51WKX; W8000Q; W81YT4; WK4GAH,James Blalock,
8/27/2018,220,,USAREUR,W811XN; W81X9C; W81XT7; WK4F81; WK4F8Q; WK4GA8; WK4GBW,CW5 Gould,
8/29/2018,1260,,FORSCOM,Over 40 DODAACS,James Blalock,
8/30/2018,204,TS CP Shelby; JFHQ; FMS; 2/114th FA; 1/155th IN; 1/299th CAV; 1/487th FA; 1/155th IN; 114th MP; 168th EN; 223rd EN; 154th RTI; CSMS,NGB,W35KT6; W81KK5,CW5 Bambas,
8/30/2018,227,,SOCOM,W81YT4; W91KBQ; W91M1Z; W91M23,CW5 Roberts,
8/30/2018,240,"249th ENG; 18th MEDCOM, 8th TSC; 9th MSC; 3/25 IBCT",PACOM,W81B9W; WX3JPR; WX3V9S,CW5 Ray/ Ken Finchum,
8/31/2018,17,1/1 AD,FORSCOM,WK4GAH,James Blalock,Remaining Allocation
8/31/2018,30,4-25 BCT,PACOM,W91KGP,CW5 Ray,
9/4/2018,172,,USAREUR,WK4GBW; WK4GA8; WK4F81; WK4F8T; WK4GF3; W81X9C; WK4F8Q ,CW5 Gould,
9/4/2018,399,,NGB,W81KK5; W81K14; W35KT6,CW5 Bambas,
9/5/2018,174,94th MP CO; 450th EN CO; 801st EN CO; 479th EN CO; 357 CM CO; 346th EN CO; 689th EN CO,USARC,W8134B; W906CN,James Blalock,
9/5/2018,921,Over 40 units,FORSCOM,Over 40 DODAACS,James Blalock,
9/7/2018,122,"8th TSC; 94th AAMDC; ICORPS/ 25th ID; 18th MEDCOM, 249th EN",USARPAC,W81B9W; WX3V9P,CW5 Ray,
9/7/2018,9,W81KK5,NGB,1/299 CAV,CW5 Bambas,Remaining requirement for NGB for this week. 
9/7/2018,236,W26RK4; W33M8Q; W44DQ1; W33NYN; W45NSU; W80TAW; W8001Z; W80XYJ; W90XN8,FORSCOM,"Eustis LRC; Gordon LRC, Sill LRC, Stewart LRC, Bliss LRC; NTC-ROT; 504QM, 62 QM; Aberdeen LRC",James Blalock,SOCOM allocation of 344
9/7/2018,102,W81X9C; WK4F8Q; WK4F8T; WK4GA8; WK4GBW; WK4GF3,USAREUR,,CW5 Gould,SOCOM allocation of 344
9/10/2018,318,W81KK5,NGB,1/299th CAV; 1/487th FA,CW5 Bambas,"From a previous weeks allocation. Assets were held in anticipation of JIEE funding for transportation. Due to constraints with JIEE, alternative means were chosen. Assets did not come from this weeks allocation. "
9/11/2018,405,W81KDP; W37U1D; W26L8F; ,NGB,Virginia; North Carolina; South Carolina,CW5 Bambas,Emergency requirement for Hurricane
9/11/2018,217,W33NYP; W80N5C; W81YT4; W91KBP; W91KBQ; W91LCR; W91M23; W91M1Z; W81YT4,SOCOM,,CW5 Roberts,
9/12/2018,51,W81AT1; W81X9C; WK4F8Q; WK4GA8,USAREUR,,CW5 Gould,
9/12/2018,43,W80CWG; W91KGP; WC1JU4; W81B9W,PACOM,"8th TSC; 1/25 ID, 4/25 ID; W6XS USALRCTR JB ELMENDO",CW5 Ray,
9/12/2018,179,W81KDP,NGB,,CW5 Bambas,Emergency requirement for Hurricane
9/12/2018,691,W36LKG; W36LKH; W51WKX; W55XGJ; W8001Z; W8002S; W80BTZ; W80QJK; W81U1J; W81U3R; WK4GAH,FORSCOM,"1/82 ABN; 2/82 ABN; 526 QM; 3/4 ID; 504 QM; 249 QM, RTU SPT; 247 QM; 2/4 ID; 1/3 ID; 1/1 AD",James Blalock,
9/12/2018,75,W906CN,USARC,479th EN CO; 926th EN CO;,James Blalock,
9/13/2018,176,W26L8F,NGB,FMS; 2/183RD CAV; 1/116th IN; 1/111TH FA; 3/116TH IN; ,CW5 Bambas,Emergency Requirement for Hurricane. Requirement  fulfilled
9/13/2018,29,W58NQ5,TRADOC,MP School,Lonnie Whitaker,Contingency allocation
9/13/2018,75,W45J67; W81AT1; W81X9C; W91K61; WK4F81; WK4F8T; WK4GA8; WK4GBW; WK4F8Q,USAREUR,,CW5 Gould,
9/17/2018,541,"W11M94; W26L8F, W35KT6, W32RRX, W81K57",NGB,"143RD MP, 250th EN, 248th EN, 643RD MP, 192nd EN, 247th EN, 1/98th CAV, 106th SUP, 367th Maint, 113rd MP, 1108th AV, JFHQ, 20th SF, 2/111th, 631st MNT, 753rd EN, 53rd SPT, 356th QM, 146th SB, 1/153rd, 715th MP, 3153rd FI, 429th SB, 1/111th FA, 2/183rd CAV, 116th BCT, ",CW5 Bambas,
9/17/2018,75,WK4F8Q; WK4GBW; WK4GF3,USAREUR,18th MP; E3S; 4 CAB; 16 SB; E3S,,
9/17/2018,65,WX3V9P; WX3V9S; W80Y69; W80Y3J; W81B9W,USARPAC,3-25 IBCT; 17 CSSB; 2-25 IBCT; 1-1 ADA; 18th MEDCOM,,
9/19/2018,22,W58NQ5,TRADOC,MP School,,
9/19/2018,96,W906CN,USARC,718th EN Co; 680th EN Co; 356th En Co; 530th EN Co; 716th EN Co,,
9/19/2018,985,W33K09; W33RBS; W33TLB; W34GMT; W34XYL; W36LKG; W36LKH; W36N0T; W55XGJ; W57KFP; W68RZ2; W8001Z; W80BTZ; W80QJK; W80TAW; W80TWT; W80XYJ; W810DR; W81C01; W81E1D; W81TW6; W81U3R; W81WRE; W81YT4; W900JH; W90ADP; W90HDC; W910DH; WK4GAH,FORSCOM,,,
9/20/2018,302,W81YT4; W91LCR; W91M1Z,SOCOM,,,
9/20/2018,76,W45J67; W8003V; W81X9C; W9005D; WK4F81; WK4F8T; WK4GA8; WK4GBW; WK4F8Q,USAREUR,E3S; 18 MP; 16SB; 4 CAB,CW5 Gould,
11/30/2018,1755,,PACOM,,,"Added this qty to requirement filled to account for production on site from 20 May - 21 Sep, less SOH.  Will continue to update using production numbers."
9/21/2018,566,,USCENTCOM,,,"Added this qty to requirement filled to account for production on site from 20 May - 21 Sep, less SOH. This fulfilled the requirement."
9/25/2018,307,W80N5C; W91LCR; W91M23; W91KBQ; W81YT4; WT6P5V,SOCOM,,CW5 Roberts,
9/25/2018,19,W81B9W; WX3V9P,PACOM,25th Sustainment BDE; 2/25 ID; 311th SIG,CW5 Ray,
9/26/2018,1053,,FORSCOM,,James Blalock,
9/27/2018,254,W90YJB; W913WG; W91Y0U; W58HJR; W90KEL; W90N1F; W90P3B; W90XJU; W90XKK; W55GPJ; W56NDS; W56V1Y,FORSCOM,325th MI; 337th MI; ECS 42/88th RD; 81st RD; 766 EN Co; AMSA 129/ 88th RD; ASOS; 314 ENG PLT; 479 ENG PLT,James Blalock,
9/27/2018,649,,NGB,,CW5 Bambas,
9/27/2018,24,,TRADOC,Fort Huachuca,Lonnie Whitaker,
9/27/2018,60,WT4KDV; W91KGP,PACOM,4/25 ID,Ken Finchum,
10/3/2018,538,W11M94; W13N92; W25KYQ; W26L8F; W31LPY; W35KT6; W42N6L; W57LVB; W5DK52; W61LQA; W68KCW; W80X71; W81H2P; W81J62; W81JKX; W81JND; W81JM8; W81JR8; W81JTH; W81JTY; W81K4N; W81K57; W81K59; W81K70; W81KBL; W81KK5; W81L6Y; W81LG6; W81LIT,NGB,186th SUP; 1742nd MED; 256th EN; 143rd MP; 246th EN; 192nd EN; 289th EN; 2168th TC; 130th EN; 157th IN; 166th TC; 167th SUS; 179th EN; 180th EN; 181st EN; 217th Space; 3/157th FA; 480th MP; 5/19th SF; CSMS; UTES; To be named,CW5 Bambas,
10/3/2018,58,W81B9W; W91KGP,PACOM,8th MP; 4/25 IBCT,CW5 Ray,
10/4/2018,824,W90A84; W81YT4; W903FM; WK4GAH; W8115U; W55XGJ; W8003Q; W8001Z; W80BTZ; W8002S; W36LKH; W34GMT; W80QJK; W80TAW; W33RBS; W34XYK; W4546G; W42UUE; W81C01; W810DR; W90ADP; W80XYJ; W45J66; WK4BNX; W900JH; ,FORSCOM,1-10 ID; 1/101 ABN; 1/1 AD; 10 ID CAB; 1-43 ADA; 1 AD; 1 CD CAB; 1 ID CAB; 2/1 CD; 2/82 ABN; 226QM (Stewart); 227 QM (Campbell); 247 QM (Carson); 249QM (Bragg); 3-4 ADA; 504 QM (Bliss); 526 QM (Riley); 543 QM (Drum); 62 QM (Hood);  Bragg LRC; NTC; NTC-ROT; Polk LRC; Riley LRC,James Blalock,Filled 20 additional E requirements
10/4/2018,74,W906CN; W57KFP,USARC,388th EN Co; 363rd En Co; ECS 66; AMSA 35; BMA 2 AMSA 22; AMSA 131; AMSA 22; ECS 67; 424th EN Co,James Blalock,
10/4/2018,18,W35KT6,NGB,1/204th ADA; 106th SPT,CW5 Bambas,Filled 18 additional E requirements
10/5/2018,1172,W45J67; W80035; W8003V; W80YWG; W81AT1; W81X9C; W81XT7; W9005D; W90A0D; W91CNC; WK4F81; WK4F8Q; WK4F8T; WK4GBW; WK4GDD; WK4GDV; WK4GF3,USAREUR,1-1CD; 12 CAB; 16 SB; 173rd; 18 MP; 2 CR; 4 ID; E3S; MNBG-E; SSA Theatre,CW4 Ortizrodriguez,Filled 20 additional E requirements
10/5/2018,69,W25KYQ; W57LVB; W68KCW; W81H2P; W81JR8; W81KK5; W81K4N; W81LG6; W81LJT,NGB,168th RTI; 5/19th SF; More to be named,CW5 Bambas,Filled 69 additional D requirements
10/9/2018,413,W13N92; W59TYJ; W80X71; W81LBJ,NGB,"1/147th FA; 101st EN; 1073 Maint Co, 1225th CSSB; 1430th En; 1433rd En; 1437th EN; 1463rd TC; 147 FSC; 192nd MP; 246th TB; 272nd RSG; 317th EN; 29th SB; 507th EN; 623rd En",CW5 Bambas,LR E requirement filled for 5 Oct. Awaiting LR D. 
10/10/2018,146,W57KFP; W8134B; W906CN; W90F5M; W90WYU; W90NHW,USARC,"689th EN Co; 416th CA BN (11FI); 375th EN Co; 926th EN Co; ECS 67; 321st MI Co; 424th EN Co, 716th EN Co; 99th RD",Jose Alicea,
10/10/2018,848,W36LKG; W36LKH; W36LKJ; W68RZ2; W81U1J; W90HDC; W8000V; W45RNQ; W51WKX; W80BTZ; W55XGJ; W8001Z; W8002S; W81TW6; W81U3R; W33RBS; W33TLB; W34XYL; W81C01; W810DR; W90ADP; W80XYJ; W45J66,FORSCOM,1/10 ID; 1/2 SBCT; 1/3 ID; 1/82 ABN; 10 ID CAB; 2/101 ABN; 2/1 AD; 2/1 CD; 2/4 ID; 2/82 ABN; 226 QM (Stewart); 247 QM (Carson); 249 QM (Bragg); 3/10 ID; 3/4 ID; 3/82 ABN; 3 ACR; 3 CAB; 4-5 ADA; 504 QM (Bliss); 526 QM (Riley); 543 QM (Drum); 62 QM (Hood),Jose Alicea,
10/10/2018,3,WK4GBW,USAREUR,4 CAB,CW5 Gould,
10/11/2018,46,W81YT4; W91KBP; W91KBQ; W91M23,SOCOM,,CW5 Roberts,
10/11/2018,93,W81B9W; W91KGP,PACOM,8th MP; 4/25 IBCT,CW5 Ray,
10/11/2018,101,W58NQ5,TRADOC,MP School,Lonnie Whitaker,
10/11/2018,221,W22PEQ; W34XYM; W36LKG; W36LKJ; W44DQ1; W45J67; W8002S,FORSCOM,1/1 CD; 1/82 ABN; 249 QM (Bragg); 3/101 ABN; 3/82 ABN; Knox LRC; Sill LRC,James Blalock,
10/12/2018,4,W81B9W; W91KGP,PACOM,8th MP; 4/25 IBCT,CW5 Ray,
10/15/2018,208,W24L9M; W32RRX; W81JM8,NGB,1/124th IN; 153rd CAV; 53rd IBCT; 53 SB; 753rd EN; 1/174th ADA; 833rd EN,CW5 Bambas,
10/15/2018,23,W803JN,ASC,"APS-2 Eygleshoven, Neatherlands",Kathy Scherer,
10/16/2018,88,WC1JU3; WC1JU4; WX3V9S; W80Y3J; W81B9W; W91KGP,PACOM,1/52 AVN; 1/25 ID; 1-1 ADA; 3/25 ID; 18th Trans; 8th MP; 536th SMC; 25th SB; 4/25 ID ,CW5 Ray,
10/16/2018,109,W81YT4; W91LCR,SOCOM,,CW5 Roberts,
10/16/2018,19,W58NQ5,TRADOC,MP School,Don Zinger,
10/17/2018,59,W58NQ5,TRADOC,MP School,Don Zinger,
10/17/2018,1568,W22PEQ; W26RK4; W33K09; W33RBS; W34XYK; W34XYL; W34XYM; W36LKG; W36LKH; W36LKJ; W36N0T; W45J67; W45NSU; W51WKX; W61DEV; W68RZ2; W8000V; W8001Z; W8002S; W80BTZ; W80QJK; W80TWT; W80XYJ; W810DR; W813LY; W81YT4; W903FM; W90ADT,FORSCOM,1/101 ABN; 1/82 ABN; 101 CAB; 11 ACR; 1-43 ADA; 2/10 ID; 2/101 ABN; 2/3 ID; 2/82 ABN; 247 QM (Carson); 249 QM (Bragg); 3/101 ABN; 3/10ID; 3/4 ID; 3/82 ABN; 504 QM (Bliss); 62 QM (Hood); Bliss LRC; Bragg LRC; Huachuca LRC; JBLE LRC; Knox LRC; NTC,James Blalock,
10/17/2018,71,W90F5M; W90WYU,USARC,"377th MI BN; 416th CA BN (11IF); 490th CA BN, BCO",James Blalock,
10/18/2018,6,WC1JU4; WX3V9S,PACOM,25th SB; 3/25 ID; 1/25 ID,CW5 Ray,
10/22/2018,421,W13N92; W24L9M; W32RRX; W81J62; W81JM8; W81LJT,NGB,1/174th ADA; 1194th En; 174th ADA; 186th MP; 196th PA; 2/124th IN; 53rd IBCT; 812th EN; 817th EN; 833rd EN; 945th EN; C/2/116th FA; 1/101st FA; 164th TRANS; 1/157th IN; 572nd EN,CW5 Bambas,
10/22/2018,83,WX3JPR; W81B9W; WT5PV1,PACOM,25th ID; 8th TSC; 9th MSC; 94th AAMDC; Japan APS 4,CW5 Ray,
10/23/2018,176,W91KBP; W91KBQ; W91LCR; W91M1Z; W91M23,SOCOM,,CW5 Roberts,
10/23/2018,38,W803JN,ASC,APS-2 Eygelshoven,Kathy Scherer,
10/24/2018,1216,W22PEQ; W33BQ9; W33M8Q; W33RBS; W33TLB; W34GMT; W34XYL; W36LKG; W36LKJ; W44DQ1; W4546F; W4546G; W45J66; W45NSU; W45RNQ; W51WKX; W55XGJ; W61DEV; W68RZ2; W8001Z; W8002S; W80BTZ; W80FTD; W80TWT; W80XYJ; W810DR; W8115U; W81C01; W81TW6; W81U1J; W81U3R; W81WRD; W81YT4; W90ADP; W90HDC; WK4BNX; W90WYU,FORSCOM,"1/10 ID; 1/1 ID; 1/25 BCT; 1/3 ID; 1/82 ABN; 10 ID CAB; 11 ACR; 1 CD CAB; 1 ID CAB; 2/101 ABN; 2/1 AD; 2/1 CD; 2/4 ID; 226 QM (Stewart); 227 QM (Campbell); 247 QM (Carson); 249 QM (Bragg); 3/10 ID; 3/1 AD; 3/4 ID; 3/82 ABN; 3-43 ADA; 3 ACR; 3 CAB; 504 QM (Bliss); 526 QM (Riley); 543 QM (Drum); 62 QM (Hood); Benning LRC; Bliss LRC; Bragg LRC; Gordon LRC; Hachuca LRC; Knox LRC; Polk LRC; Sill LRC; 321st CA BDE, 416th CA BN, 490th CA BN",James Blalock,
10/25/2018,68,W58NQ5,TRADOC,MP School,Lonnie Whitaker,
10/25/2018,10,W81B9W,PACOM,25th SB,CW5 Ray,
10/25/2018,34,W80X71,NGB,1/119th FA; 156th SB; 1/182 FA; 3/126 IN,CW5 Bambas,
10/26/2018,8,WX3V9P; WX3JJY; W81B9W,USARPAC,2/25 BCT; 25 CAB; 523rd Eng,CW5 Ray,
10/26/2018,21,W90A0E,AFRICOM,,CW3 Buzzard,Governance Board approved requirement. 
10/29/2018,114,W80Y3J; W80Y69; W81B9W; W91KGP; WT5PV1; WX3JPR; WX3V9P; WX3V9S,PACOM,1/25 SBCT; 25 ID; 4/25 ID; 9th MSC; 2/25 IBCT; 3/25 IBCT; 1-1 ADA; 8th TSC; APS 4,CW5 Ray,
10/30/2018,623,W13N92; W17S13; W24L9M; W42N6L; W58MYQ; W81JKX; W81JTH; W81K57; W81LBJ,NGB,1/106th AV; 1/174th ADA; 1/20th SF; 101st EN; 111 EN; 1138th EN; 1138th TC; 1175th MP; 126th SB; 1438th EN; 169th MP; 199th SB; 2/156th IN; 256th IBCT; 3/156th IN; 606th MP; 637th CBRN; 639th QM; 769th EN; 835th SB; 1/101st FA; 155th EN; 177th En; 3/121st IN; 848th EN; 877th EN,CW5 Bambas,
10/30/2018,61,W803JN,ASC,APS-2 Eygelshoven,Kathy Scherer,
10/31/2018,355,W22PEQ; W45NSU; W55XGJ; W80XYJ; W81YT4 ,FORSCOM,Knox LRC; 93rd HHD; 526QM (Riley); 62 QM (Hood); Bragg LRC (16th MP),James Blalock,
11/1/2018,298,W80N5C; W81YT4; W91KBQ; W91LCR; W91M1Z,SOCOM,,CW5 Roberts,
11/1/2018,1046,W22PEQ; W26RK4; W33BQ9; W33M8Q; W33NYN; W33RBS; W33TLB; W34GMT; W34XYL; W34XYM; W36LKG; W36LKH; W36LKJ; W44DQ1; W4546G; W45J66; W45NSU; W45RNQ; W51WKX; W55NS0; W55XGJ; W68PPA; W8001Z; W8002S; W80QJK; W80XYJ; W810DR; W8115U; W81C01; W81E1D; W81NMJ;  W81U1J; W81U3R; W81WRE; W81YT4; W900JH; W90HDC,FORSCOM,1/3 ID; 1/82 ABN; 10 ID CAB; 1CD CAB; 2/101 ABN; 2/1 AD; 2/1 CD; 2/1 ID; 2/4 ID; 2/82 ABN; 226 QM (Stewart); 227 QM (Campbell); 249 QM (Bragg); 3/101 ABN; 3/4 ID; 3/82 ABN; 3-4 ADA; 3 ACR; 3 CAB; 504 QM (Bliss); 526 QM (Riley); 543 QM (Drum); 62 QM (Hood); Benning LRC; Bliss LRC; Bragg LRC; Gordon LRC; NTC; SIll LRC; Stewart LRC,James Blalock,
11/1/2018,130,W57KFP; W8134B; W906CN,USARC,412th TEC; 416th TEC; AMSA 100; AMSA 35; AMSA 49; AMSA 56; AMSA 61; AMSA 75; AMSA 80; BMA 1 AMSA 101; BMA 1 AMSA 75; AMSA 133; AMSA 134; AMSA 165; ECS 10,James Blalock,
11/1/2018,79,W58NQ5,TRADOC,MP School,Lonnie Whitaker,
11/1/2018,34,W5DK52,NGB,2/300th FA; FMS; 960th SB,CW5 Bambas,
11/5/2018,1037,W33BQ9; W33K09; W34GMT; W33M8Q; W33NYN; W33RBS; W33TLB; W34XYL; W34XYM; W36LKG; W36LKH; W36LKJ; W44DQ1; W4546F; W4546G; W45NSU; W45RNQ; W51WKX; W8001Z; W8002S; W80QJK; W80XYJ; W81C01; W81U1J; W81WRD; W81YT4; W90DY4; W90HDC; W91E2E; WK4GAH;  W45J67; W68PPA; W800FE; W80BTZ; W80TAW; W80TWT; W813LY; W81E1D; W81U1J; WK4GAH,FORSCOM,1/1 AD; 1/1 ID; 1/82 ABN; 10 ID CAB; 1 CD CAB; 2/101 ABN; 2/1 AD; 2/2 SBCT; 2/4 ID; 2/82 ABN; 226 QM (Stewart); 249 QM (Bragg); 3/101 ABN; 3/1 AD; 3/4 ID; 3/82 ABN; 3 ACR; 3 CAB; 4-5 ADA; 504 QM (Bliss); 62 QM (Hood); Benning LRC; Bliss LRC; Bragg LRC; Gordon LRC; NTC; Sill LRC; Stewart LRC; 1/1 AD; 1/1 CD; 101 CAB; 11 ACR; 2/101 ABN; 2/3 ID; 2/4 ID; 227 QM (Campbell); 24 QM (JBLM); 247 QM (Carson); 3/101 ABN; 3/1 CD; 3/82 ABN; Buchanan LRC; NTC; NTC-ROT,James Blalock,
11/5/2018,201,W90NHW,USARC,99th RD,James Blalock,
11/5/2018,464,W16DDS; W37U1D; W80X71; W81H7U; W90DBX ,NGB,1055th TC; 105th MP; 107th MP; 145th Maint; 1463rd TC; 222nd MP; 297th MP; 422nd ESB,CW5 Bambas,
11/6/2018,262,W33NYP; W80N5C; W81UTH; W91KBP; W91KBQ; W91M23 ,SOCOM,USASOC,CW5 Roberts,
11/7/2018,117,W58G0Q; W803JN; WT5PV1,ASC,APS-2 Mannheim; APS-2 Eygelshoven; APS-4,Kathy Scherer,
11/7/2018,56,W80Y69; W91KGP; WX3JJY; WX3V9P,PACOM,2/25 ID; 25 ID CAB; 4/25 ID; 1/25 ID,CW5 Ray,
11/7/2018,45,W25KYQ,NGB,2/28th IBCT; 278th Armor,CW5 Bambas,
11/8/2018,104,W90DAN; W906CP,USARC,AMSA 96; ARAC,James Blalock,
11/8/2018,25,W81J62,NGB,164th EN; 1/188th ADA,CW5 Bambas,
11/8/2018,56,W58NQ5,TRADOC,MP School,Lonnie Whitaker,
11/9/2018,22,W37N01,TRADOC,165 Inf Bde,Lonnie Whitaker,
11/13/2018,756,W13N92; W14UL3; W16DDS; W26L8F; W31LPY; W37U1D; W42N6L; W81JR8; W81KBL; W81KR3; W11M94; W25KYQ; W32RRX; W35KT6; W37U1D; W57LVB; W61LQA; W81H7U; W81J62; W81J8X; W81JM8; W81JND; W81JTH; W81JTY; W81K4N; W81K57; W81K70; W81KL3; W81LG6; W81LJT,NGB,1/108th CAV; 1/111th; 1/141st FA; 1/173rd IN; 1/194th FA; 1053rd TC; 107th MP; 1222nd EN; 126th SB; 151st Chem; 1638th TC; 178th FI; 19th SF; 2/183rd; 29th IN; 3/116th; 3/238th AV; 429th SB; 508th MP; 572nd EN; 713th EN; 819th EN; 1/124th CAV; 1/133rd FA; 1/182nd FA; 1/188th ADA; 106th SB; 136th MP; 164th EN; 170th MP; 253rd EN; 3/124th CAV; 334th SB; 353rd EN; 449th AV; 53rd SB; 606th MP; 71st BSB; 72nd MP; 822nd EN; 840th EN; 890th EN; JFHQ,CW5 Bambas,
11/14/2018,101,W81B9W; W91KGP; WC1JU3; WX3JJY; WX3JPR; WX3V9P; WX3V9S,PACOM,196th IN BDE; 25 ID CAB; 3/25 ID; 311th SC; 4/25 ID; USARK AVN; 2/25 ID; 8th MP,CW5 Ray,
11/14/2018,1127,W33BQ9; W33K09; W33M8Q; W33NYN; W33RBS; W33TLB; W34XYL; W36LKG; W36LKJ; W42UUE; W44DQ1; W4546F; W51WKX; W55XGJ; W8001Z; W8002S; W80KG6; W80QJK; W80TWT; W80XYJ; W810DR; W8115U; W81C01; W81U1J; W81WRD; W81WRE; W81YT4; W90ADP; W90DY4; W90HDC; W91E2E; WK4BNX; WK4GAH; W22PEQ; W34GMT; W45J67; W45NSU; W45RNQ; W68PPA; W80425; W80A7L; W80BTZ; W80TAW; W90CTK; W90XN8;  W91PTZ,FORSCOM,1/10 ID; 1/1 AD; 1/1 ID; 1/82 ABN; 10 ID CAB; 11 ACR; 1 AD CAB; 1 ID CAB; 2/101 ABN; 2/1 AD; 2/1 ID; 2/2 SBCT; 2/3 ID; 2/4 ID; 226 QM (Stewart); 249 QM (Bragg); 3/1 AD; 3/4 ID; 3/82 Abn; 3 CAB; 4-5 ADA; 504 QM (Bliss); 526 QM (Riley); 543 QM (Drum); 62 QM (Hood); Benning LRC; Bragg LRC; Gordon LRC; NTC; Polk LRC; Sill LRC; Stewart LRC; 1/1 CD; 10 ID CAB; 11 ACR; 2/1 ID; 2/4 ID; 227 QM (Campbell); 24 QM (JBLM); 247 QM (Carson); 3/82 ABN; 3 ACR; 4-5 ADA; 62 QM (Hood); Aberdeen LRC; Bliss LRC; Knox LRC; NTC; NTC-ROT; Polk LRC; Sill LRC; UNK,James Blalock,
11/14/2018,200,W57KFP; W90WYU,USARC,0305 PO CO DET A5 TAC.; 0318 PO CO DET A5; 0349 PO CO DET A3 TAC.; 0349 PO CO DET A5 TAC.; 0399 PO CO DET A3 TAC.; AMSA 100; AMSA 101; AMSA 159; AMSA 35; AMSA 56; AMSA 57; AMSA 59; BMA 3 AMSA 75; ECS 10; ECS 42,James Blalock,
11/14/2018,262,W33NYP; W80N5C; W81UTH; W81YT4; W91LCR; W91M23 ,SOCOM,,Roy Mitchell ,
11/15/2018,56,W58G0Q; W803JN,ASC,"APS-2 Eygelshoven, APS-2 Mannheim",Kathy Scherer,
11/15/2018,3,W80XYJ,FORSCOM,62 QM (Hood),James Blalock,
11/19/2018,704,W13N92; W14UL3; W24L9M; W25KYQ; W37U1D; W59TYJ; W80X71; W81JKX; W81JM8; W81JR8; W81K4N; W81K57; W81KBL; W81KR3; W81LBJ,NGB,1/121st IN; 1/152 CAV; 1/163rd FA; 1/189th AV; 1/293rd IN; 1058th TC; 1077th MED; 113th BSB; 113th SB; 1222nd EN; 137th TC; 1431st EN; 160th EN; 1742nd TC; 186th SB; 190th TC; 2/135th AV; 2/151st IN; 2/174th ADA; 2/238th AV; 226th EN; 250th SC; 253rd TC; 3/121st IN; 3/172nd IN; 3/238th AV; 313th MED; 451st EN; 572nd EN; 638th ASB; 754th CBRN; 772nd EN; 842nd EN; 891st EN; 1/104th CAV; 1/107th FA; 1/109th FA; 1/110th IN; 2/130th FA; 224th EN; 635th RSG,CW5 Bambas,
11/19/2018,67,W33M8Q; W58NQ5,TRADOC,SCOE; MP Schoop,Lonnie Whitaker,
11/19/2018,84,W80Y69; W81B9W; W91KGP; WX3JJY; WX3JPR; WX3V9P,PACOM,1/25 ID; 2/25 ID; 25 ID CAB; 4/25 ID; 8th TSC; 1/25 SBCT; 9th MSC,CW5 Ray,
11/20/2018,57,W803JN; W58G0Q,ASC,"APS-2 Eygelshoven, APS-2 Mannheim",Kathy Scherer,
11/20/2018,963,W33BQ9; W33K09; W33M8Q; W33NYN; W33RBS; W33TLB; W36LKH; W36LKJ; W36N0T; W42UUE; W4546F; W4546G; W45NSU; W51WKX; W55NS0; W55XGJ; W61DEV; W68PPA; W8001Z; W8002S; W80FTD; W80KG6; W80QJK; W80TAW; W80TWT; W80SYJ; W80XYJ; W813LY; W81E1D; W81TW6; W81U1J; W81U3R; W81UTH; W81YT4; W90ADP; W90HDC; W91E2E,FORSCOM,1/10 ID; 1/2 SBCT; 1 CD CAB; 2/1 AD; 2/3 ID; 2/4 ID; 226QM (Stewart); 249 QM (Bragg); 3/1 AD; 3/1 CD; 3/4 ID; 3/82 ABN; 3-43 ADA; 3 CAB; 504 QM (Bliss); 526 QM (Riley); 62 QM (Hood); 82 CAB; Active- CONUS; Benning LRC; Bliss LRC; Bragg LRC; Gordon LRC; Huachuca LRC; Leavenworth LRC; NTC; Stewart LRC; 1/3 ID; 101 CAB; 11 ACR; 1 AD CAB; 2/82 ABN; 24 QM (JBLM); 249 QM (Bragg); 4-5 ADA; Lewis LRC; NTC-ROT,James Blalock,
11/20/2018,210,W57KFP; W81NNG; W90DAN; W90F5M; W90WYU,USARC,340th CM; 490th CA BN ACO; AMSA 140; AMSA 5; ECS 16; ECS 67; Ft McCoy Draw Yard; 103rd CS,James Blalock,
11/21/2018,168,W33NYP; W81YT4; W91KBP; W91LCR; W91M23; WT6P5V,SOCOM,3rd SFG; 5th SFG; 5th PO; 10th SFG; Torii LRC; Bragg LRC,Roy Mitchell ,
11/21/2018,21,W61DEV,TRADOC,,Lonnie Whitaker,
11/26/2018,659,W24L9M; W25KYQ; W35KT6; W61LQA; W81JM8; W81JR8; W81KDP; W81KK3; W81L6Y,NGB,1/133rd IN; 1/158th FA; 1/168th IN; 1/194th FA; 106th SPT; 120th EN; 120th FSC; 120th MED; 130th MEB; 1457th EN; 19th SF; 2/174th ADA; 211th MP; 224th EN; 271st BSB; 3120th EN; 422nd ESB; 45th FA; 76th IBCT; 76th ID; 1/109th FA; 1/104th CAV,CW5 Bambas,
11/27/2018,79,W80Y69; W81B9W; W91KGP; WC1JU3; WX3JPR; WX3V9P; WX3V9S,PACOM,1/25 ID; 2/25 ID; 3/25 ID; 4/25 ID; 8th TSC; 94th AAMDC; 9th MSC; USARAK AVN,CW5 Ray,
11/27/2018,66,W803JN; W58G0Q,ASC,APS-2 Eygelshoven; APS-2 Mannheim,Kathy Scherer,
11/27/2018,96,W33NYP; W81YT4; W91KBP; W91M23,SOCOM,10th SFG; 1st PO BN; 3rd MISB; 3rd SFG; 7th PO BN; 8th PO BN; LRC HAAF,Roy Mitchell ,
11/28/2018,176,W57KFP; W8134B; W90DAN; W90WYU,USARC,"0361 PO CO CO T1 HQ TAC PS; 0416 CA BN HHC HHC CA BN; 308 PO CO DET A1; 308 PO CO DET A3; 308 PO CO DET A4; 308 PO CO DET A5; 416th CA BN, CCO; 416th CA BN, DCO; 416th TEC; 490th CA BN, DCO; AMSA 155; AMSA 159; ECS 16; ECS 162; ECS 67",James Blalock,
11/28/2018,1108,W26RK4; W33BQ9; W33K09; W33M8Q; W33NYN; W33RBS; W33TLB; W34GMT; W34XYK; W34XYL; W36LKG; W36LKH; W36LKJ; W4546F; W45NSU; W5004G; W55NS0; W61DEV; W68RZ2; W8001Z; W8002S; W80BTZ; W80QJK; W80XYJ; W810DR; W81E1D; W81THR; W81U1J; W81WRD; W81WRE; W81YT4; W90HDC; WK4BNX; W36N0T; W44DQ1; W45RNQ; W68PPA; W81C01; W81U3R; W90DY4; W90XN8,FORSCOM,1/101 ABN; 1/1 ID; 1/82 ABN; 1ID CAB; 2/101 ABN; 2/1 AD; 2/1 ID; 2/3 ID; 2/4 ID; 226 QM (Stweart_; 227 QM (Campbell); 2-43 ADA; 247 QM (Carson); 249 QM (Bragg); 3/10 ID; 3/1 AD; 3/1 CD; 3/82 ABN; 3 CAB; 504 QM (Bliss); 543 QM (Drum); 62 QM (Hood); Benning LRC; Bliss LRC; Bragg LRC; Gordon LRC; Huachuca LRC; JRTC RTU; Leavenworth LRC; NTC; Stewart LRC; 1/3 ID; 10 ID CAB; 2/2 SBCT; 2/82 ABN;,James Blalock,
11/29/2018,48,W37N01; W58NQ5,TRADOC,ATC; ENG,Lonnie Whitaker,
11/29/2018,217,W80N5C; W81YT4; W91KBQ,SOCOM,160th SOAR; 1st PO BN; 3rd MISB; 6th PO BN; 7th PO BN; 7th SFG; 8th PO BN; 96th CA BN; 98th CA BN; 9th PO BN,Roy Mitchell ,
12/3/2018,629,W13N92; W16DDS; W24L9M; W31LPY; W32RRX; W66MRR;W80X71; W81H2P; W81JKX; W81JM8; W81JND; W81JR8; W81K57; W81KK3,NGB,1/101st FA; 1/119th FA; 1/265th ADA; 1050th EN; 1051st EN; 1052nd EN; 1153rd EN; 1160th TC; 1249th EN; 130th MP; 135th MP; 1439th EN; 1442nd EN; 155th Chem; 1569th TC; 190th SB; 194th EN; 212th EN; 216th EN; 217th SC; 224th EN; 230th EN; 267th MP; 295th EN; 296th EN; 3/238th AV; 351st SB; 76th BEB; 776th EN; 1/148th FA; 379th EN; 41st IBCT,CW5 Bambas,
12/4/2018,327,W91KBP; W91LCR; W91M1Z; W91M23,SOCOM,,Roy Mitchell ,
12/4/2018,46,W33M8Q; W37N01; W58NQ5,TRADOC,"Cyber, ATC & FJ; 58th Trans CM School",Lonnie Whitaker,
12/4/2018,1088,W33BQ9; W33K09; W33M8Q; W33NYN; W33RBS; W33TLB; W34GMT; W34QWU; W34XYL; W36LKG; W36LKH; W36LKJ W36NOT; W42UUE; W45J67; W45NSU; W4546G; W55XGJ; W68PPA; W8000V; W8001Z; W80BTZ; W80FTD; W80QJK; W80TAW; W80TWT; W80XYJ; W810DR; W8115U; W81E1D; W813LY; W81THR; W81U1J; W81WRE; W81XF9; W81YT4; W90ADP; W90HDC; W910DH,FORSCOM,1/10 ID; 1/4 ID; 1/82 ABN; 1 AD CAB; 2/1 AD; 2/1 ID; 2/3 ID; 2/4 ID; 226 QM (Stewart); 227 QM (Campbell); 2-43 ADA; 247 QM (Carson); 32nd AAMDC; 3 CAB; 504 QM (Bliss); 526 QM (Riley); 62 QM (Hood); 82 CAB; Benning LRC; Bliss LRC; Bragg LRC; Gordon LRC; I Corps; III Corps; NTC; NTC-ROT; Stewart LRC; XVIII ABN Corps; 101 CAB; 11 ACR; 1 CD CAB; 2/101 ABN; 2/82 ABN; 3/1 CD; 3/82 ABN;543 QM (Drum); 82 CAB; Polk LRC,James Blalock,
12/4/2018,244,W906CN; W906CT; W90WYU,USARC,0318 PO CO CO T1 HQ TAC PS; 0345 PO CO DET A1 TAC PYSO; 0345 PO CO DET A5 Tactical; 0349 PO CO DET A2 Tactical; 0351 CA HQ SEC T1 CMD SEC; 0416 CA BN CO A CIVIL AFRS; 0416 CA BN HHC HHC CA BN;  0425 CA BN CO A Civil AFRS; 0450 CA BN CO A Civil AFRS; 0450 CA BN CO B Civil AFRS; 0490 CA BN CO B Civil AFRS; 257th BN; 308 PO CO DET A1; 308 PO CO DET A2; 315 PO CO DET A1; 315 PO CO DET A4; 341  PO CO DET A1; 341  PO CO DET A2; 341  PO CO DET A4; 341  PO CO DET A5; 349 PO CO DET A1; 362nd; 412th TEC,James Blalock,
12/6/2018,5,W37N01,TRADOC,ATC & FJ,Lonnie Whitaker,
12/6/2018,70,W803JN,ASC,APS-2 Eygelshoven,Kathy Scherer,
12/6/2018,75,W81B9W; W91KGP; WX3JPR; WX3V9P,PACOM,2/25 ID; 4/25 ID; 8th TSC; 9th MSC,CW5 Ray,
12/7/2018,95,W81B9W; W91KGP; WX3JJY; WX3JPR; WX3V9P,PACOM,2/25 ID; 25 ID CAB; 25th ID; 4/25 ID; 8th TSC; 9th MSC,CW5 Ray,
12/10/2018,794,W13N92; W17S13; W31LPY; W32RRX; W37U1D; W42N6L; W66MRR; W81H2P; W81K14; W81KBL; W81KDP; W81KK3,NGB,1/172nd CAV; 2/206th FA; 115th MP; 116th BEB; 128th MED; 145th SB; 168th EN; 186th SB; 2/111th AV; 221st OD; 225 EN; 230th SB; 252nd QM; 263rd ADA; 3/116th CAV; 379th EN; 39th BSB; 4/118th IN; 489th SB,CW5 Bambas,
12/11/2018,93,W803JN,ASC,APS-2 Eygelshoven,Kathy Scherer,
12/13/2018,1354,W33R7X; W34GMT; W34QWU; W42UUE; W4546G; W45J66; W45J67; W55XGJ; W68PPA; W68RZ2; W8000V; W8001Z; W80BTZ; W80QJK; W80TWT; W80XYJ; W810DR; W813LY; W81C01; W81NMJ; W81THR; W81TW6; W81WRE; W81XF9; W81YT4; W90ADP; W90ADT; W90DY4; W90HDC; W910DH,FORSCOM,1/10 ID; 1/1 CD; 1/2 SBCT; 1/4 ID; 10 ID CAB; 101 CAB; 11 ACR; 16 CAB; 1-7 ADA; 1 AD CAB; 1 CD CAB; 2/10 ID; 2/1 AD; 2/1 CD; 2/2 SBCT; 227 QM (Campbell); 24 QM (JBLM); 2/43 ADA; 247 QM (Carson); 3/10 ID; 3/2 ADA; 4/5 ADA; 4 ID CAB; 504 QM (Bliss); 526 QM (Riley); 543 QM (Drum); 62 Qm (Hood); Bragg LRC; NTC,James Blalock,
12/13/2018,330,W81NNG; W906CN; W906CT; W90F5M; W90WYU,USARC,"318 PO CO DET A1,A2,A4 Tactical; 341 PO CO CO T1 HQ TAC PS; 345 PO CO DET A2, A4 Tactical; 349 PO CO CO T1 HQ TAC PS; 362 PO CO CO T1 HQ TAC PS; 362 PO CO DET A1, A3, A4 Tactical; 399 PO CO CO T1 HQ TAC PS; 399 PO CO DET A1, A2, A3, A5 Tactical; 307th CM; 310 CM; 326th CM; 344th EN; 371st CM; 478th EN; 894th QM; 926th EN; 377th; 332nd",James Blalock,
12/13/2018,367,W33NYP; W80N5C; W81UTH; W81YT4; W91KBP; W91KBQ; W91LCR; W91M1Z; W91M23; WT6P5V,SOCOM,3rd SFG; USASOC,Roy Mitchell ,
12/13/2018,62,W26DJS; W33M8Q; W58NQ5,TRADOC,AP Hill; Cyber; MSCOE,Lonnie Whitaker,
12/17/2018,736,W11M94; W17S13; W59TYJ; W81J62; W81JKX; W81KBL; W81LBJ; W25KYQ; W66MRR; W81H2P; W81K57; W81KJK,NGB,1/102nd IN; 1/134th CAV; 1/163rd CAV; 1/172nd CAV; 115th MP; 172nd MP; 186th SB; 3/172nd IN; 572nd EN; 740th TC; 86th IBCT; 957th EN; 1/104th CAV; 1/148th FA; 141st SB; 179th MP; 181st SB; 2/116th CAV; 273rd MP; 372nd MP; 741st En; 874th EN,CW5 Bambas,
12/17/2018,106,W80Y69; W80CWG; W81B9W; W91KGP; WX3JJY; WX3V9P; WX3JPR; WX3V9S,PACOM,1/25 ID; 2/25 ID; 25 ID CAB; 3/25 ID; 4/25 ID; 8th TSC; 311th SC; 9th MSC,CW5 Ray,
12/18/2018,206,W906CN; W906CT; W90F5M; W90WYU,USARC,0361 PO CO CO T1 HQ TAC PS; 307th CM; 314th CM; 328th EN; 344th EN; 358th EN; 424th EN; 474th EN; 894th QM; 94th TC,James Blalock,
12/18/2018,1666,W22PEQ; W33M8Q; W33R7X; W33RBS; W34GMT; W34XYL; W34XYM; W36N0T; W4546G; W45J66; W45NSU; W51WKX; W55XGJ; W68PPA; W68RZ2; W8001Z; W8002S; W80BTZ; W80QJK; W80XYJ; W810DR; W8115U; W813LY; W81C01; W81TW6; W81E1D; W81U1J; W81U3R; W81WRD; W81WRE; W81XF9; W81YT4; W90ADT; W90ADP; W90DY4; W90HDC; W91E2E,FORSCOM,1/10 ID; 1/1 ID; 1/2 SBCT; 1/3 ID; 1/4 ID; 101 CAB; 1 CD CAB; 10 ID CAB; 2/1 AD; 2/10 ID; 2/101 ABN; 2/1 CD; 2/1 ID; 2/2 SBCT; 2/4 ID; 226 QM (Stewart); 227 QM (Campbell); 24 QM (JBLM); 247 QM (Carson); 249 QM (Bragg); 3/101 ABN; 3/1 CD; 3/4 ID; 4-5 ADA; 4 ID CAB; 504 QM (Bliss); 526 QM (Riley); 543 QM (Drum); 62 QM (Hood); 82 CAB; Bliss LRC; Bragg LRC; Gordon LRC; Knox LRC; NTC; Polk LRC ,James Blalock,
12/18/2018,115,W23R7B; W81K57; W81KDP,NGB,115th MP; 1454th TC; 211th MP; 253 ENG; 290th MP; 29th CAB; 29th ID Signal; 29th PA; 348th BSB; 729th QM Co,CW5 Bambas,
12/19/2018,68,W803JN,ASC,APS-2 Eygelshoven,Kathy Scherer,
12/20/2018,318,W81YT4; W91M23,SOCOM,,Roy Mitchell ,
12/20/2018,28,W58NQ5,TRADOC,,Lonnie Whitaker,
12/21/2018,-3932,,FORSCOM,,,"FORSCOM was using a portion of their allocation for NTC and other requirements. This number encompasses 1,998 for NTC, 1,856 for the remaining SOUM requirement and an additional 78."
12/26/2018,890,W24L9M; W25KYQ; W26L8F; W35KT6; W37U1D; W43MYP; W59TYJ; W81J62; W81JM8; W81JND; W81JR8; W81JTH; W81K14; W81K4N; W81KDP; W81LBJ,NGB,1/113th CAV; 1/113th FA; 1/118th; 1/134th CAV; 1/188th ADA; 1/20th IN; 113th SUS; 1209th MED; 128th CBRN; 1313th EN; 1454th TC; 1485th TC; 155th EN; 196th SC; 2/185th AV; 213th MED; 216th MP; 224th EN; 230th BSB; 236th BEB; 242nd EN; 272nd EN; 295th SC; 29th ID; 30th ABCT; 330th SC; 334th SB; 626th Maint; Bliss ARNG MFGI;  1/278th ACR; 1034th QM; 1132nd EN; 224th EN,CW5 Bambas,
12/26/2018,1787,W22PEQ; W26RK4; W33M8Q; W33NYN; W33NYP; W33RBS; W33TLB; W34GMT; W34QWU; W34XYL; W34XYM; W44DQ1; W4546G; W45J66; W45NSU; W45RNQ; W55NS0; W55XGJ; W68PPA; W68RZ2; W8001Z; W8002S; W80BTZ; W80TWT; W80QJK; W80XYJ; W810DR; W8115U; W813LY; W81C01; W81U1J; W81XF9; W81YT4; W90ADP; W90ADT; W90DY4; W90HDC,FORSCOM,1/1 ID; 1/4 ID; 10 ID CAB; 16 CAB; 2/10 ID; 2/1 AD; 2/1 CD; 2/4 ID; 226 QM (Stewart); 227 QM (Campbell); 24 QM (JBLM); 247 QM (Carson); 249 QM (Bragg); 3/10 ID; 3 ACR; 3 CAB; 504 QM (Bliss); 526 QM (Riley); 543 QM (Drum); 62 QM (Hood); Bragg LRC; Gordon LRC; JB Langley LRC; Leavenw LRC; NTC; Polk LRC; Sill LRC; Stewart LRC; DOL Ft Knox; 101 CAB; 11 ACR; 1 CD CAB; 2/101 ABN; 2/2 SBCT; 3/101 ABN;,James Blalock,
12/26/2018,200,W57KFP; W90WYU,USARC,0017 PO CO H & S Company P; 0361 PO CO CO T1 HQ TAC PS; 0490 CA BN HHC HHC CA BN; AMSA 134; AMSA 138; AMSA 140; AMSA 155; AMSA 22; AMSA 49; AMSA 56; AMSA 57; AMSA 59; AMSA 75; BMA 1 AMSA 101; BMA 2 AMSA 22; ECS 67; Fort McCoy Draw Yard; AMSA 100; AMSA 115,James Blalock,
12/27/2018,134,W33BQ9; W811XN; W81YT4; W91KBP; W91M23; WT6P5V,SOCOM,10th SFG; 10th SFG Dedicated; 3rd SFG; 528th SBDE; 75th RGR; 95th CA; 96th CA; Ft Bragg 1st SFC dedicated; LRC Torill; SFGs Dedicated; LRC Bragg,Roy Mitchell ,
12/28/2018,44,W81K57,NGB,,CW5 Bambas,
1/4/2019,104,W803JN,ASC,APS-2 Eygelshoven,Kathy Scherer,
12/31/2018,112,W80Y69; W81B9W; WX3JJY; WX3JPR; WX3V9P ,PACOM,130th EN BDE; 17th CSSB; 2/25th ID; 25th SB; 8th MP; 9th MSC; 25th CAB,Kenneth Finchum,
1/4/2019,161,W33BQ9; W811XN; W81UTH; W81YT4; W91KBP; W91M23; WT6P5V,SOCOM,10th SFG; 10th SFG Dedicated; 3rd SFG; 528th SBDE; 75th RGR; 95th CA; 96th CA; Ft Bragg 1st SFC dedicated; LRC Torill; SFGs Dedicated; LRC Bragg; 4/160th SOAR; 8th POG,Roy Mitchell ,
1/4/2019,75,W58NQ5,TRADOC,,Lonnie Whitaker,
1/9/2019,94,W58GNS; W58TLQ; W8003Z; W8004Q,ASC,APS-5 requirement,,
1/14/2019,871,W13N92; W14UL3; W24L9M; W25KYQ; W31LPY; W42N6L; W43MYP; W57LVB; W5CK4Y; W68KCW; W81J63; W81J6X; W81JM8; W81JR8; W81K14; W81K57; W81KBL; W81KDP; W81KK3; W81LBJ,NGB,1/101st FA; 1/107th FA; 1/120th IN; 1/133rd BCT; 1/134th FA; 1/150th CAV; 1/163rd FA; 1/172nd CAV; 1/173rd IN; 1/194th FA; 1/110th IN; 111th CS; 133rd EN; 139th SG; 1457th EN; 186th SB; 2/135th IN; 2/147th FA; 200th EN; 224th EN; 237th MP; 251st EN; 256th IBCT; 32nd IBCT; 39th IBCT; 528th EN; 572nd EN; 630th SB; 769th EN; 776th EN; 77th CAB; 86th SBCT; Bliss ARNG MFGI; 277th SUP,CW5 Bambas,
1/14/2019,1528,W33RBS; W34GMT; W34QWU; W42UUE; W4546F; W45NSU; W45RNQ; W55XGJ; W68PPA; W8002S; W80BTZ; W80XYJ; W81C01; W81TW6; W81U1J; W90ADP; W90DY4; W90HDC; WK4BNX,FORSCOM,1/10 ID; 1/2 SBCT; 10 ID CAB; 16 CAB; 1 AD CAB; 1 ID CAB; 2/1 AD; 2/2 SBCT; 2/4 ID; 226 QM (Stewart); 227 QM (Campbell); 24 QM (JBLM); 247 QM (Carson); 249 QM (Bragg); 3/1 AD; 3 ACR; 526 QM (Riley); 62 QM (Hood); Bliss LRC,James Blalock,
1/14/2019,317,W57KFP; W809JG; W906CP; W906CT; W90F5M; W90WYU ,USARC,0012 PO CO H&S Company P; 0341 PO CO DET A3 Tactical; 0362 QM HHD Petrl Supply BN; 0528th TC; 0558th TC; 0839th TC; 1006th QM; 2-135th; 3-135th; 76th ORC; AMSA 138; AMSA 53; AMSA 56; ECS 33; F 7-135th,James Blalock,
1/15/2019,69,W33M8Q; W58NQ5,TRADOC,Cyber School; Ordnance School,Lonnie Whitaker,
1/16/2019,104,W58G0Q; W80A7L; W803JN,ASC,APS-2 Mannheim; APS-2 Eygelshoven; APS-2 Dulmen,Kathy Scherer,
1/16/2019,423,W33NYP; W80N5C; W811XN; W81UTH; W81YT4; W91KBP; W91KBQ; W91M1Z,SOCOM,10th SFG; 1st SFG; 3rd SFG; 75th RGR; 7th SFG; ARSOAC; LRC Bragg,Roy Mitchell ,
1/16/2019,105,W80Y69; W81B9W; WC1JU3; WT5PV1; WX3JPR,PACOM,17th CSSB; 8th TSC; APS; USARAK AVN; 9th MSC,CW5 Ray,
1/17/2019,64,W91KBP,SOCOM,3rd SFG,Roy Mitchell ,
1/18/2019,668,W13N92; W31LPY; W32RRX; W35KT6; W42N6L; W57LVB; W81J62; W81J63; W81JKX; W81JTH; W81K14; W81K57; W81KDP; W81KK3; W81LG6,NGB,1/160th IN; 1/20th SF; 1022nd EN; 1106th AV; 1153rd EN; 164th EN; 185th EN; 208th Chem; 239th EN; 265th ADA; 288th EN; 3/20th SF; 334th SB; 34th ID; 356th QM; 39th IBCT; 442 EN; 639th QM; 690th SB; 773rd MP; 832nd EN; 834th SB; 850th EN; 870th EN; 926th EN; 1/101st FA; 1/188th ADA; 139th SG; 1457th EN; 177th EN; 225th EN; 248th MED; 277th SUP; 694th Maint; 878th EN,CW5 Bambas,
1/18/2019,38,W81B9W; WX3JPR,SOCOM,8th TSC; 9th MSC,Roy Mitchell ,
1/23/2019,36,W37N01; W58NQ5,TRADOC,ATC; ENG,Lonnie Whitaker,Remaining SOUM requirement
1/23/2019,239,W81NNG; W90NHW,USARC,334th QM; AMSA 109; AMSA 12; AMSA 21; AMSA 72; AMSA 8; AMSA 81; ECS 86,James Blalock,
1/24/2019,328,W33RBS; W34GMT; W8002S; W80BTZ; W80QJK; W80XYJ; W8115U; W81U1J; W90ADP; W90HDC,FORSCOM,III Corps; JRTC; NTC; XVII ABN Corps,James Blalock,Remaining SOUM requirement
1/24/2019,30,W80A7L,ASC,APS- 2 Dulmen,Kathy Scherer,
1/25/2019,126,W81YT4; W91KBP,SOCOM,3rd SFG; 4th POG,Roy Mitchell ,
